<?xml version="1.0" encoding="UTF-8"?>
<files>
  <file name="24-piano-keys_archive.torrent" source="metadata">
    <btih>e844521f6579d052ccb04291ce3a707a31c8d6d5</btih>
    <mtime>1718829649</mtime>
    <size>21933</size>
    <md5>692e5fec0b22c2148169a3ec2ba1e1a6</md5>
    <crc32>a437cd21</crc32>
    <sha1>740937fea44d0df1dc72e35b3eab2e8ee669800b</sha1>
    <format>Archive BitTorrent</format>
  </file>
  <file name="24-piano-keys_files.xml" source="original">
    <format>Metadata</format>
    <md5>0aa59585282153bdef78e5b10407674c</md5>
    <summation>md5</summation>
  </file>
  <file name="24-piano-keys_meta.sqlite" source="original">
    <mtime>1517547153</mtime>
    <size>57344</size>
    <format>Metadata</format>
    <md5>112cf6c8589f5594a1defd764c6833a4</md5>
    <crc32>0db7e95a</crc32>
    <sha1>e8b7963bf135db7f33f998dcb88b0791f62b4fae</sha1>
  </file>
  <file name="24-piano-keys_meta.xml" source="original">
    <mtime>1670761693</mtime>
    <size>1102</size>
    <format>Metadata</format>
    <md5>ebd5826f8e739c828a7e2cf0e326c39b</md5>
    <crc32>1b414851</crc32>
    <sha1>52745e9bbed2beec5196d7b67d6ef4ec0c1d51eb</sha1>
  </file>
  <file name="24-piano-keys_reviews.xml" source="original">
    <mtime>1718829647</mtime>
    <size>2408</size>
    <md5>98aa9c4e1e3f32ce42cbf09917920107</md5>
    <crc32>9b856448</crc32>
    <sha1>68614034a37aba79d066238900a130fec78bb6a1</sha1>
    <format>Metadata</format>
  </file>
  <file name="__ia_thumb.jpg" source="original">
    <mtime>1650639021</mtime>
    <size>1406</size>
    <md5>dda6c37124cb9e989baefb440ca6f314</md5>
    <crc32>dd4543f8</crc32>
    <sha1>25e64ae62fbbcbb214fe0c612558f2255f41841b</sha1>
    <format>Item Tile</format>
    <rotation>0</rotation>
  </file>
  <file name="key01.afpk" source="derivative">
    <format>Columbia Peaks</format>
    <original>key01.mp3</original>
    <mtime>1517547507</mtime>
    <size>568</size>
    <md5>b45de9f6085f74aaffc721befa183c3c</md5>
    <crc32>a69f26a5</crc32>
    <sha1>b7309a94650661c1ee9c2723cd5c0fdd269fb18f</sha1>
  </file>
  <file name="key01.mp3" source="original">
    <mtime>1517547140</mtime>
    <size>229876</size>
    <md5>8c1a8c8f1dc4587d6a7c741920e6b6f1</md5>
    <crc32>8548ab59</crc32>
    <sha1>f7287eb74a982ec56e68c21f18312b5dc55e1aa3</sha1>
    <format>VBR MP3</format>
    <length>5.72</length>
    <height>0</height>
    <width>0</width>
    <track>01</track>
  </file>
  <file name="key01.ogg" source="derivative">
    <format>Ogg Vorbis</format>
    <original>key01.mp3</original>
    <mtime>1517547195</mtime>
    <size>47598</size>
    <md5>a6dc118f97d19627e6edb057c30a8223</md5>
    <crc32>7f643905</crc32>
    <sha1>0ea7d2c1007762b535c5f7c9eb9c4f0f36304c47</sha1>
    <length>5.67</length>
    <height>0</height>
    <width>0</width>
  </file>
  <file name="key01.png" source="derivative">
    <format>PNG</format>
    <original>key01.mp3</original>
    <mtime>1517547259</mtime>
    <size>4370</size>
    <md5>6b7f874e7db287481bba30b0d461a816</md5>
    <crc32>5c6195df</crc32>
    <sha1>daa023549ba4863d8c68f8c2227f0c03b28bacb7</sha1>
  </file>
  <file name="key01_spectrogram.png" source="derivative">
    <format>Spectrogram</format>
    <original>key01.mp3</original>
    <mtime>1517547335</mtime>
    <size>257010</size>
    <md5>6db6cc260fa97bbe07328a7014569fe7</md5>
    <crc32>dd26e8c9</crc32>
    <sha1>8cf84fac99084bf0502de3215f1cb3c9c016aaa3</sha1>
  </file>
  <file name="key02.afpk" source="derivative">
    <format>Columbia Peaks</format>
    <original>key02.mp3</original>
    <mtime>1517547487</mtime>
    <size>640</size>
    <md5>7b836332ff07c80df801d768512dc8af</md5>
    <crc32>5b0d3bf9</crc32>
    <sha1>3c6eff0760a544e394fefb694b932ae1a537428a</sha1>
  </file>
  <file name="key02.mp3" source="original">
    <mtime>1517547136</mtime>
    <size>229876</size>
    <md5>394eb4060be1b05ef8883ec7bb3f3c24</md5>
    <crc32>1465bdc5</crc32>
    <sha1>344ee2c53a67595606a4966eb5211e00097e8a92</sha1>
    <format>VBR MP3</format>
    <length>5.72</length>
    <height>0</height>
    <width>0</width>
    <track>02</track>
  </file>
  <file name="key02.ogg" source="derivative">
    <format>Ogg Vorbis</format>
    <original>key02.mp3</original>
    <mtime>1517547222</mtime>
    <size>48413</size>
    <md5>04964086c4ce5b3d0bcc0c8a6cbfefe8</md5>
    <crc32>56d8239c</crc32>
    <sha1>e9a91e5c0b3ddbf2657adef69a0f7a09628afd8b</sha1>
    <length>5.67</length>
    <height>0</height>
    <width>0</width>
  </file>
  <file name="key02.png" source="derivative">
    <format>PNG</format>
    <original>key02.mp3</original>
    <mtime>1517547282</mtime>
    <size>3898</size>
    <md5>80448bced7c27f6167c68017eb017d8c</md5>
    <crc32>cc898e8e</crc32>
    <sha1>b92536b72fd9a342f526e2767a38c63176e17c13</sha1>
  </file>
  <file name="key02_spectrogram.png" source="derivative">
    <format>Spectrogram</format>
    <original>key02.mp3</original>
    <mtime>1517547332</mtime>
    <size>257871</size>
    <md5>350788bd304bbaf5a20a5dff0ab22c4a</md5>
    <crc32>5a62546a</crc32>
    <sha1>f8fecf47dc275efce5fab769132785d804bbe855</sha1>
  </file>
  <file name="key03.afpk" source="derivative">
    <format>Columbia Peaks</format>
    <original>key03.mp3</original>
    <mtime>1517547474</mtime>
    <size>456</size>
    <md5>0df07945f9e7aa030e3b3b891a8d666a</md5>
    <crc32>4ebd5d73</crc32>
    <sha1>418614a50e88496717ea9ac2a70b455ebbab3120</sha1>
  </file>
  <file name="key03.mp3" source="original">
    <mtime>1517547132</mtime>
    <size>229876</size>
    <md5>0f5f87b3898c5a3a8d9aa7af27b50ae3</md5>
    <crc32>347be495</crc32>
    <sha1>2c2b721a936466d6aaed1d27334c3972e612fee8</sha1>
    <format>VBR MP3</format>
    <length>5.72</length>
    <height>0</height>
    <width>0</width>
    <track>03</track>
  </file>
  <file name="key03.ogg" source="derivative">
    <format>Ogg Vorbis</format>
    <original>key03.mp3</original>
    <mtime>1517547221</mtime>
    <size>47881</size>
    <md5>c04108320a387bafdb1cb28799b2a25c</md5>
    <crc32>75735a0a</crc32>
    <sha1>4258c4d8201d273a7dc952f7f07eac66e8dd1511</sha1>
    <length>5.67</length>
    <height>0</height>
    <width>0</width>
  </file>
  <file name="key03.png" source="derivative">
    <format>PNG</format>
    <original>key03.mp3</original>
    <mtime>1517547271</mtime>
    <size>4094</size>
    <md5>6b3586e3de9903b9750d99550ea8488c</md5>
    <crc32>31c4ac7d</crc32>
    <sha1>04cab961c3b3171a098aaf1331ea68f536dea140</sha1>
  </file>
  <file name="key03_spectrogram.png" source="derivative">
    <format>Spectrogram</format>
    <original>key03.mp3</original>
    <mtime>1517547337</mtime>
    <size>261828</size>
    <md5>28c4a84dcbb3bed30ccbbb8e9af57d52</md5>
    <crc32>ba696ac1</crc32>
    <sha1>6f6f2cf692b6c657159afcf9346c75466dfc92b5</sha1>
  </file>
  <file name="key04.afpk" source="derivative">
    <format>Columbia Peaks</format>
    <original>key04.mp3</original>
    <mtime>1517547437</mtime>
    <size>504</size>
    <md5>ca54cccb488b6f0959e6619d727eff04</md5>
    <crc32>92c6fe44</crc32>
    <sha1>8cd43901664385a27155fe5b5b5c3111951efe71</sha1>
  </file>
  <file name="key04.mp3" source="original">
    <mtime>1517547126</mtime>
    <size>229876</size>
    <md5>3fea27d696c80b451b4c5fd99d1acd22</md5>
    <crc32>915170fc</crc32>
    <sha1>be1a1247c5191bd521336cbee9766bdd51c11764</sha1>
    <format>VBR MP3</format>
    <length>5.72</length>
    <height>0</height>
    <width>0</width>
    <track>04</track>
  </file>
  <file name="key04.ogg" source="derivative">
    <format>Ogg Vorbis</format>
    <original>key04.mp3</original>
    <mtime>1517547217</mtime>
    <size>48392</size>
    <md5>6a6baec56461b0aaab3d690d32b5241a</md5>
    <crc32>10b20655</crc32>
    <sha1>2b1aaff0cd089e07cd4c916fa4f369511b2d2f9a</sha1>
    <length>5.67</length>
    <height>0</height>
    <width>0</width>
  </file>
  <file name="key04.png" source="derivative">
    <format>PNG</format>
    <original>key04.mp3</original>
    <mtime>1517547289</mtime>
    <size>4401</size>
    <md5>4a131e1a7088cdf6288e468e239fcc53</md5>
    <crc32>e969f545</crc32>
    <sha1>9115c83037638706d72314dd74010a327da18c4f</sha1>
  </file>
  <file name="key04_spectrogram.png" source="derivative">
    <format>Spectrogram</format>
    <original>key04.mp3</original>
    <mtime>1517547368</mtime>
    <size>264485</size>
    <md5>a420bc8ea8262e5cd06170a147ab38ec</md5>
    <crc32>4335dbb4</crc32>
    <sha1>05573e3a1828c0cebe0a2bf2f480f9ea38602528</sha1>
  </file>
  <file name="key05.afpk" source="derivative">
    <format>Columbia Peaks</format>
    <original>key05.mp3</original>
    <mtime>1517547445</mtime>
    <size>592</size>
    <md5>4120286fc18c0b2e09be862797578cb6</md5>
    <crc32>85e6c680</crc32>
    <sha1>ec2081353fdecc71f55d449a6d6b83ba0f31cde9</sha1>
  </file>
  <file name="key05.mp3" source="original">
    <mtime>1517547122</mtime>
    <size>229876</size>
    <md5>cf302773369aa6ccce85c8536d9cabca</md5>
    <crc32>53c00acf</crc32>
    <sha1>9d206f87ea7215d275402f241d00ff7ae41ba994</sha1>
    <format>VBR MP3</format>
    <length>5.72</length>
    <height>0</height>
    <width>0</width>
    <track>05</track>
  </file>
  <file name="key05.ogg" source="derivative">
    <format>Ogg Vorbis</format>
    <original>key05.mp3</original>
    <mtime>1517547212</mtime>
    <size>48400</size>
    <md5>8a368771eecde50eab70d4fc0949e374</md5>
    <crc32>d742f432</crc32>
    <sha1>f0abbf693b1ca64796d1a47f229900f97251921e</sha1>
    <length>5.67</length>
    <height>0</height>
    <width>0</width>
  </file>
  <file name="key05.png" source="derivative">
    <format>PNG</format>
    <original>key05.mp3</original>
    <mtime>1517547267</mtime>
    <size>4312</size>
    <md5>56f79566bc333c08f6195c172666fe2a</md5>
    <crc32>72ad17ce</crc32>
    <sha1>9ab50e9f7206a6075a8f8fd36a35cde1d7253544</sha1>
  </file>
  <file name="key05_spectrogram.png" source="derivative">
    <format>Spectrogram</format>
    <original>key05.mp3</original>
    <mtime>1517547389</mtime>
    <size>267068</size>
    <md5>9dba72e39100359848bb0ec7d391f836</md5>
    <crc32>cb2611f4</crc32>
    <sha1>4268e23fac36970e27a99f5de7d74d952e995a07</sha1>
  </file>
  <file name="key06.afpk" source="derivative">
    <format>Columbia Peaks</format>
    <original>key06.mp3</original>
    <mtime>1517547510</mtime>
    <size>680</size>
    <md5>dc22fba06fe0a0c805be15e8697becfb</md5>
    <crc32>a999ad80</crc32>
    <sha1>9ce9df2d7e72215f76e0192fa4da44352198fec8</sha1>
  </file>
  <file name="key06.mp3" source="original">
    <mtime>1517547119</mtime>
    <size>229876</size>
    <md5>30049a290cfaf80da8f8969d27c72ec0</md5>
    <crc32>a6821458</crc32>
    <sha1>7b6ee1c2b39a41e6fb0abc9a8c1e16036352d418</sha1>
    <format>VBR MP3</format>
    <length>5.72</length>
    <height>0</height>
    <width>0</width>
    <track>06</track>
  </file>
  <file name="key06.ogg" source="derivative">
    <format>Ogg Vorbis</format>
    <original>key06.mp3</original>
    <mtime>1517547207</mtime>
    <size>47808</size>
    <md5>9d56e3181b091dc6d2a37dd51e5a2b3b</md5>
    <crc32>ec892d2d</crc32>
    <sha1>eadd58f916eb882245de0111ea69372072a6e03e</sha1>
    <length>5.67</length>
    <height>0</height>
    <width>0</width>
  </file>
  <file name="key06.png" source="derivative">
    <format>PNG</format>
    <original>key06.mp3</original>
    <mtime>1517547275</mtime>
    <size>4258</size>
    <md5>b720229b10e098e658742000c6e463e7</md5>
    <crc32>3bb8420e</crc32>
    <sha1>64c3b6195fda08aaee98dfe2106aa3da48f7b7b5</sha1>
  </file>
  <file name="key06_spectrogram.png" source="derivative">
    <format>Spectrogram</format>
    <original>key06.mp3</original>
    <mtime>1517547371</mtime>
    <size>260675</size>
    <md5>1d78fd06bb9fc0a1f983e3d31ffb3a9d</md5>
    <crc32>1f59d6da</crc32>
    <sha1>b926aeb97f71ac8773f16f393630051be4982274</sha1>
  </file>
  <file name="key07.afpk" source="derivative">
    <format>Columbia Peaks</format>
    <original>key07.mp3</original>
    <mtime>1517547464</mtime>
    <size>712</size>
    <md5>792970585e57d55a46251a36918d3e0f</md5>
    <crc32>df0da0e4</crc32>
    <sha1>48dad71585c14622bca2aad3709d12f43ebf3cdf</sha1>
  </file>
  <file name="key07.mp3" source="original">
    <mtime>1517547115</mtime>
    <size>229876</size>
    <md5>d3e0e9c9baf3a1a2b690ce4ddf5578f4</md5>
    <crc32>ec28083e</crc32>
    <sha1>5eb2572a13aedcbe4402ae22d3efe5cb21761304</sha1>
    <format>VBR MP3</format>
    <length>5.72</length>
    <height>0</height>
    <width>0</width>
    <track>07</track>
  </file>
  <file name="key07.ogg" source="derivative">
    <format>Ogg Vorbis</format>
    <original>key07.mp3</original>
    <mtime>1517547224</mtime>
    <size>47335</size>
    <md5>2441541a974151266c90be4bdc5c292b</md5>
    <crc32>a922dfbc</crc32>
    <sha1>4c6fa1619f5f13e4ee0ea3fc4df8339d12c29cd0</sha1>
    <length>5.67</length>
    <height>0</height>
    <width>0</width>
  </file>
  <file name="key07.png" source="derivative">
    <format>PNG</format>
    <original>key07.mp3</original>
    <mtime>1517547285</mtime>
    <size>3976</size>
    <md5>9f1f6cbbd897eb7b7c845f815f510d55</md5>
    <crc32>ca91189a</crc32>
    <sha1>e09e6130c96586a5acb497d41d5dad6763ec19bc</sha1>
  </file>
  <file name="key07_spectrogram.png" source="derivative">
    <format>Spectrogram</format>
    <original>key07.mp3</original>
    <mtime>1517547363</mtime>
    <size>263165</size>
    <md5>88ab3601ac90f82edf7325607f62fde5</md5>
    <crc32>ffc461a4</crc32>
    <sha1>cc7c012ab1bc922ac4c7c52efec7524923216b79</sha1>
  </file>
  <file name="key08.afpk" source="derivative">
    <format>Columbia Peaks</format>
    <original>key08.mp3</original>
    <mtime>1517547492</mtime>
    <size>512</size>
    <md5>25e5f75c1812957c5b84de3b012feec4</md5>
    <crc32>f74c9eef</crc32>
    <sha1>62714de1c8ee314492f5c811501e22cb47b05c3d</sha1>
  </file>
  <file name="key08.mp3" source="original">
    <mtime>1517547111</mtime>
    <size>229876</size>
    <md5>e3bf6729fb3708999dff0b6db284ac51</md5>
    <crc32>7124d538</crc32>
    <sha1>738cf259f04633b994c38be1ecf1df574eeb72ea</sha1>
    <format>VBR MP3</format>
    <length>5.72</length>
    <height>0</height>
    <width>0</width>
    <track>08</track>
  </file>
  <file name="key08.ogg" source="derivative">
    <format>Ogg Vorbis</format>
    <original>key08.mp3</original>
    <mtime>1517547228</mtime>
    <size>47349</size>
    <md5>5c8e0a81507b6bb851243e0bb7b8113f</md5>
    <crc32>2b1b8293</crc32>
    <sha1>7b1acc5567a554d22cb807336f570a57fee953d2</sha1>
    <length>5.67</length>
    <height>0</height>
    <width>0</width>
  </file>
  <file name="key08.png" source="derivative">
    <format>PNG</format>
    <original>key08.mp3</original>
    <mtime>1517547277</mtime>
    <size>4085</size>
    <md5>bd92128f91162a3a354589e89b06fbc8</md5>
    <crc32>4c73094a</crc32>
    <sha1>5fa875ea2d1bfd8a48d614f3658175ff95640bef</sha1>
  </file>
  <file name="key08_spectrogram.png" source="derivative">
    <format>Spectrogram</format>
    <original>key08.mp3</original>
    <mtime>1517547345</mtime>
    <size>261819</size>
    <md5>77a72c166ded76fadfaf184b3ef71e7b</md5>
    <crc32>e665779f</crc32>
    <sha1>ba6e8d2d1883c7ace0731b652702c6068be6c2de</sha1>
  </file>
  <file name="key09.afpk" source="derivative">
    <format>Columbia Peaks</format>
    <original>key09.mp3</original>
    <mtime>1517547535</mtime>
    <size>584</size>
    <md5>d5a0e3d6a1f37e5173249fe279d14d86</md5>
    <crc32>8a0b731b</crc32>
    <sha1>ccf767d5de1a067600d92375ccbe1576212000c2</sha1>
  </file>
  <file name="key09.mp3" source="original">
    <mtime>1517547107</mtime>
    <size>229876</size>
    <md5>a48c827dbc48a395d224049b7523f712</md5>
    <crc32>7cd331e1</crc32>
    <sha1>f30d1bafbf00f0fab24b64d0fd0b155a2b6cf487</sha1>
    <format>VBR MP3</format>
    <length>5.72</length>
    <height>0</height>
    <width>0</width>
    <track>09</track>
  </file>
  <file name="key09.ogg" source="derivative">
    <format>Ogg Vorbis</format>
    <original>key09.mp3</original>
    <mtime>1517547234</mtime>
    <size>47275</size>
    <md5>81a97b9f84d5b33bcdc6f719a63c4a2a</md5>
    <crc32>53079f87</crc32>
    <sha1>667b14f00abc3160d359ad69add82231b0d8b444</sha1>
    <length>5.67</length>
    <height>0</height>
    <width>0</width>
  </file>
  <file name="key09.png" source="derivative">
    <format>PNG</format>
    <original>key09.mp3</original>
    <mtime>1517547264</mtime>
    <size>4004</size>
    <md5>c22ab0dabd4b90a0393cbebc180d2871</md5>
    <crc32>c15edcb1</crc32>
    <sha1>6680263683a42cd24279447c9e96d641314ea75b</sha1>
  </file>
  <file name="key09_spectrogram.png" source="derivative">
    <format>Spectrogram</format>
    <original>key09.mp3</original>
    <mtime>1517547358</mtime>
    <size>257829</size>
    <md5>51f0714407e15144797ce4e7d02aa7d3</md5>
    <crc32>ffe7e53f</crc32>
    <sha1>d5623374420bf5156c14cd75bf1cdc051033afa0</sha1>
  </file>
  <file name="key10.afpk" source="derivative">
    <format>Columbia Peaks</format>
    <original>key10.mp3</original>
    <mtime>1517547521</mtime>
    <size>520</size>
    <md5>84702b833b60253f0a93d9652f726802</md5>
    <crc32>711cb1fa</crc32>
    <sha1>1b7733bc839e898296c07e0151bb4c03fe420071</sha1>
  </file>
  <file name="key10.mp3" source="original">
    <mtime>1517547103</mtime>
    <size>229876</size>
    <md5>49032d10cfd776f92b055e71ad4f5517</md5>
    <crc32>7093e8b0</crc32>
    <sha1>c170106a09df61a979e90340625de32b9629c737</sha1>
    <format>VBR MP3</format>
    <length>5.72</length>
    <height>0</height>
    <width>0</width>
    <track>10</track>
  </file>
  <file name="key10.ogg" source="derivative">
    <format>Ogg Vorbis</format>
    <original>key10.mp3</original>
    <mtime>1517547242</mtime>
    <size>47338</size>
    <md5>d1e122cef045dfe94659946a603ab539</md5>
    <crc32>3509fb51</crc32>
    <sha1>ef183cbf6829a60e435e0b3c2e9d9a34c7e936f5</sha1>
    <length>5.67</length>
    <height>0</height>
    <width>0</width>
  </file>
  <file name="key10.png" source="derivative">
    <format>PNG</format>
    <original>key10.mp3</original>
    <mtime>1517547256</mtime>
    <size>4046</size>
    <md5>70ef60e5f51ca2bcf1f5282cb196f014</md5>
    <crc32>b15525e0</crc32>
    <sha1>00626c4d2db7f3603c06732044c0a15f499a0666</sha1>
  </file>
  <file name="key10_spectrogram.png" source="derivative">
    <format>Spectrogram</format>
    <original>key10.mp3</original>
    <mtime>1517547324</mtime>
    <size>260798</size>
    <md5>f98334b3471273ce72e619cd92db7419</md5>
    <crc32>f024532c</crc32>
    <sha1>2abac7717bfe2a69d50a746637d534b6c205da23</sha1>
  </file>
  <file name="key11.afpk" source="derivative">
    <format>Columbia Peaks</format>
    <original>key11.mp3</original>
    <mtime>1517547431</mtime>
    <size>512</size>
    <md5>8c704bf4057ef124f857d87c51bead69</md5>
    <crc32>f0ecc45c</crc32>
    <sha1>e0e25d1ec0f51534714b79efe6526fed9cd79239</sha1>
  </file>
  <file name="key11.mp3" source="original">
    <mtime>1517547099</mtime>
    <size>229876</size>
    <md5>73de5e2958c685b456039a5f901cce0d</md5>
    <crc32>dcfbab2a</crc32>
    <sha1>bd499810bf7f827b92986b0865e49e0fca6488e3</sha1>
    <format>VBR MP3</format>
    <length>5.72</length>
    <height>0</height>
    <width>0</width>
    <track>11</track>
  </file>
  <file name="key11.ogg" source="derivative">
    <format>Ogg Vorbis</format>
    <original>key11.mp3</original>
    <mtime>1517547245</mtime>
    <size>47910</size>
    <md5>589362cdd62d65fa6f61c5338b545a3d</md5>
    <crc32>30af0146</crc32>
    <sha1>cdfc297f98067e28fe5233e5a6f469abfa3c926f</sha1>
    <length>5.67</length>
    <height>0</height>
    <width>0</width>
  </file>
  <file name="key11.png" source="derivative">
    <format>PNG</format>
    <original>key11.mp3</original>
    <mtime>1517547293</mtime>
    <size>4048</size>
    <md5>78156219b39bb26d432682d8a3ef8980</md5>
    <crc32>ec188707</crc32>
    <sha1>ab90e5825607e3b82dbb4ffa0b3c82d68a2b3f30</sha1>
  </file>
  <file name="key11_spectrogram.png" source="derivative">
    <format>Spectrogram</format>
    <original>key11.mp3</original>
    <mtime>1517547379</mtime>
    <size>264429</size>
    <md5>49ec2ecde53e87ce737c67ca956ca0c8</md5>
    <crc32>90c7f80e</crc32>
    <sha1>645f425fcc778e3ad7e3a825caf93c5e9255fef6</sha1>
  </file>
  <file name="key12.afpk" source="derivative">
    <format>Columbia Peaks</format>
    <original>key12.mp3</original>
    <mtime>1517547503</mtime>
    <size>832</size>
    <md5>7bc5487af51d3e8a7e176a5b51307b36</md5>
    <crc32>9fb83963</crc32>
    <sha1>aa4059ab7abb2b12db20d0800119e23cd14a0cd8</sha1>
  </file>
  <file name="key12.mp3" source="original">
    <mtime>1517547096</mtime>
    <size>229876</size>
    <md5>c88e2f3ff86f74803c8fd6bc2eb47ed5</md5>
    <crc32>097eaec8</crc32>
    <sha1>33486ce9e987671d520f925a14355bb7f4447218</sha1>
    <format>VBR MP3</format>
    <length>5.72</length>
    <height>0</height>
    <width>0</width>
    <track>12</track>
  </file>
  <file name="key12.ogg" source="derivative">
    <format>Ogg Vorbis</format>
    <original>key12.mp3</original>
    <mtime>1517547204</mtime>
    <size>48113</size>
    <md5>cde49b025d7d0cb924f00a672d5f3727</md5>
    <crc32>96539330</crc32>
    <sha1>23bc993b05627b6879fb6244a403e78d9bfbd1c8</sha1>
    <length>5.67</length>
    <height>0</height>
    <width>0</width>
  </file>
  <file name="key12.png" source="derivative">
    <format>PNG</format>
    <original>key12.mp3</original>
    <mtime>1517547310</mtime>
    <size>4012</size>
    <md5>f4659bd3f1cead305d2359cf15d7882c</md5>
    <crc32>c27c9062</crc32>
    <sha1>553c118817c7529a070ae207c5a8df31929812ba</sha1>
  </file>
  <file name="key12_spectrogram.png" source="derivative">
    <format>Spectrogram</format>
    <original>key12.mp3</original>
    <mtime>1517547328</mtime>
    <size>263569</size>
    <md5>c2109d2ed9abd4ada4e494be7f729ce7</md5>
    <crc32>b353af3c</crc32>
    <sha1>84e2ca4cf7afab789c392c194e5ea571b0f5e8b9</sha1>
  </file>
  <file name="key13.afpk" source="derivative">
    <format>Columbia Peaks</format>
    <original>key13.mp3</original>
    <mtime>1517547514</mtime>
    <size>752</size>
    <md5>e4df58c5e436881f73efda236ceb260d</md5>
    <crc32>3a332b76</crc32>
    <sha1>873ce983ba0e173cfdfa486132df03e620dbcc1e</sha1>
  </file>
  <file name="key13.mp3" source="original">
    <mtime>1517547092</mtime>
    <size>229876</size>
    <md5>bdcc4f05f3294f303bde10358117f19e</md5>
    <crc32>e9720b4d</crc32>
    <sha1>7677550f9351ec40f5f9bf5eeacd683325587fc2</sha1>
    <format>VBR MP3</format>
    <length>5.72</length>
    <height>0</height>
    <width>0</width>
    <track>13</track>
  </file>
  <file name="key13.ogg" source="derivative">
    <format>Ogg Vorbis</format>
    <original>key13.mp3</original>
    <mtime>1517547206</mtime>
    <size>48868</size>
    <md5>b0bef72739aa10c43250950df5c2a977</md5>
    <crc32>986dddfe</crc32>
    <sha1>911ba40fff0c755c3e3e819769f0d8ce56cedcf3</sha1>
    <length>5.67</length>
    <height>0</height>
    <width>0</width>
  </file>
  <file name="key13.png" source="derivative">
    <format>PNG</format>
    <original>key13.mp3</original>
    <mtime>1517547312</mtime>
    <size>3493</size>
    <md5>b902fe7e09275459716b98dfdcfaae06</md5>
    <crc32>343868d2</crc32>
    <sha1>86839681c45ef7fb1120ab5afdccf86addf77e2c</sha1>
  </file>
  <file name="key13_spectrogram.png" source="derivative">
    <format>Spectrogram</format>
    <original>key13.mp3</original>
    <mtime>1517547356</mtime>
    <size>263409</size>
    <md5>98722174b537d7de580184783b368cfa</md5>
    <crc32>bf7c52d5</crc32>
    <sha1>46d68e9e8e1406c9301f119c25e287f2462f4aed</sha1>
  </file>
  <file name="key14.afpk" source="derivative">
    <format>Columbia Peaks</format>
    <original>key14.mp3</original>
    <mtime>1517547516</mtime>
    <size>680</size>
    <md5>1f27b63feb9560e4380779b2cc1ad6c5</md5>
    <crc32>0b54733d</crc32>
    <sha1>4027ca7635b7b0c966c3cc9eff0783ab8749e655</sha1>
  </file>
  <file name="key14.mp3" source="original">
    <mtime>1517547088</mtime>
    <size>229876</size>
    <md5>80127361921a5fd12e91699e27eee38e</md5>
    <crc32>2c4b2fbd</crc32>
    <sha1>5bbaf28e11cf77c7086b3bdb317560e1ac106a9c</sha1>
    <format>VBR MP3</format>
    <length>5.72</length>
    <height>0</height>
    <width>0</width>
    <track>14</track>
  </file>
  <file name="key14.ogg" source="derivative">
    <format>Ogg Vorbis</format>
    <original>key14.mp3</original>
    <mtime>1517547249</mtime>
    <size>49617</size>
    <md5>9effd1569442bc687518b2454126c11e</md5>
    <crc32>2f3ee06c</crc32>
    <sha1>a2984d8adf8a1afe21be0a9f52172206e2d36127</sha1>
    <length>5.67</length>
    <height>0</height>
    <width>0</width>
  </file>
  <file name="key14.png" source="derivative">
    <format>PNG</format>
    <original>key14.mp3</original>
    <mtime>1517547317</mtime>
    <size>3588</size>
    <md5>e68bb118b29a5c89ba694dcd903701c2</md5>
    <crc32>b1c4b70d</crc32>
    <sha1>9c60ad157ad91ef1df8243c757456b47cb892c78</sha1>
  </file>
  <file name="key14_spectrogram.png" source="derivative">
    <format>Spectrogram</format>
    <original>key14.mp3</original>
    <mtime>1517547385</mtime>
    <size>264415</size>
    <md5>415be7ab2bb31c8234846e3bd9bdf9ed</md5>
    <crc32>e3ad2bdd</crc32>
    <sha1>92693769bee222e537edc768783a1c16c1e2139e</sha1>
  </file>
  <file name="key15.afpk" source="derivative">
    <format>Columbia Peaks</format>
    <original>key15.mp3</original>
    <mtime>1517547524</mtime>
    <size>824</size>
    <md5>4e4eebe50dc9b39ab22b92a7f10823a6</md5>
    <crc32>1e466154</crc32>
    <sha1>f3039095242cb0af4979b359b550a5cb93a12e01</sha1>
  </file>
  <file name="key15.mp3" source="original">
    <mtime>1517547085</mtime>
    <size>229876</size>
    <md5>24bd380c8832f366ca34b21ca87f3ace</md5>
    <crc32>550abe4c</crc32>
    <sha1>ce471341de064a3e80791b1fb538d1ef055a171a</sha1>
    <format>VBR MP3</format>
    <length>5.72</length>
    <height>0</height>
    <width>0</width>
    <track>15</track>
  </file>
  <file name="key15.ogg" source="derivative">
    <format>Ogg Vorbis</format>
    <original>key15.mp3</original>
    <mtime>1517547213</mtime>
    <size>49543</size>
    <md5>bcac1b7902079e298a708e67b546fbb1</md5>
    <crc32>11d17a00</crc32>
    <sha1>4b1a9a86fe2ca489e31bef342cb8ec98e8c551c5</sha1>
    <length>5.67</length>
    <height>0</height>
    <width>0</width>
  </file>
  <file name="key15.png" source="derivative">
    <format>PNG</format>
    <original>key15.mp3</original>
    <mtime>1517547290</mtime>
    <size>3489</size>
    <md5>3de85a5acb31c4bf82822f90c8297b97</md5>
    <crc32>74d15866</crc32>
    <sha1>a45ffc9a2e0b6d0389849ee52923559086f99dc3</sha1>
  </file>
  <file name="key15_spectrogram.png" source="derivative">
    <format>Spectrogram</format>
    <original>key15.mp3</original>
    <mtime>1517547320</mtime>
    <size>264562</size>
    <md5>50b3ff1a65484be9dc26f7ed7ff919c1</md5>
    <crc32>12461a61</crc32>
    <sha1>2f10762d27c2627426fbab165270f7c99ef5d9d6</sha1>
  </file>
  <file name="key16.afpk" source="derivative">
    <format>Columbia Peaks</format>
    <original>key16.mp3</original>
    <mtime>1517547539</mtime>
    <size>816</size>
    <md5>5756bf18947f956ae7db94d940b79e54</md5>
    <crc32>df041942</crc32>
    <sha1>44b1bb35fa96519bb52fb842c10ff42a9eda45a3</sha1>
  </file>
  <file name="key16.mp3" source="original">
    <mtime>1517547081</mtime>
    <size>229876</size>
    <md5>3704dfca600b0ee023e9f9e141611505</md5>
    <crc32>87d76e71</crc32>
    <sha1>0ab80106818f145826e31db812d88914fbb6a83a</sha1>
    <format>VBR MP3</format>
    <length>5.72</length>
    <height>0</height>
    <width>0</width>
    <track>16</track>
  </file>
  <file name="key16.ogg" source="derivative">
    <format>Ogg Vorbis</format>
    <original>key16.mp3</original>
    <mtime>1517547239</mtime>
    <size>49191</size>
    <md5>c411c66d1cbf37336809974467acda5e</md5>
    <crc32>8becba68</crc32>
    <sha1>46b1dd8121a143a1ba5cb08d1d6b37c5a9b57eba</sha1>
    <length>5.67</length>
    <height>0</height>
    <width>0</width>
  </file>
  <file name="key16.png" source="derivative">
    <format>PNG</format>
    <original>key16.mp3</original>
    <mtime>1517547297</mtime>
    <size>3424</size>
    <md5>832cf5a2c88388c9b300ed4ebdcedb15</md5>
    <crc32>81a765be</crc32>
    <sha1>0772bf5362a423b3e230d72cc55d96a142c62e00</sha1>
  </file>
  <file name="key16_spectrogram.png" source="derivative">
    <format>Spectrogram</format>
    <original>key16.mp3</original>
    <mtime>1517547334</mtime>
    <size>262345</size>
    <md5>aa28efa08cd13094c044515c9689d020</md5>
    <crc32>4710816b</crc32>
    <sha1>5ffbb3730fa18b9fd70eb34f12b7e1be6fc5ba2b</sha1>
  </file>
  <file name="key17.afpk" source="derivative">
    <format>Columbia Peaks</format>
    <original>key17.mp3</original>
    <mtime>1517547406</mtime>
    <size>808</size>
    <md5>d2545af36703bf5256ccc8697109a004</md5>
    <crc32>765c6875</crc32>
    <sha1>3c8885d1e183bae75d963fa89cbe73738a437c7a</sha1>
  </file>
  <file name="key17.mp3" source="original">
    <mtime>1517547077</mtime>
    <size>229876</size>
    <md5>355fe31e73f843c89b6f85c23617403d</md5>
    <crc32>7fa86f1a</crc32>
    <sha1>2e6b3ffa6792625f38c109989ecabcf5d038bafd</sha1>
    <format>VBR MP3</format>
    <length>5.72</length>
    <height>0</height>
    <width>0</width>
    <track>17</track>
  </file>
  <file name="key17.ogg" source="derivative">
    <format>Ogg Vorbis</format>
    <original>key17.mp3</original>
    <mtime>1517547229</mtime>
    <size>49028</size>
    <md5>846b55fdc8acbff3dcc8ec52ff42f22e</md5>
    <crc32>0ac3efb3</crc32>
    <sha1>a3266129e6a37306112e552da33cd657add0b361</sha1>
    <length>5.67</length>
    <height>0</height>
    <width>0</width>
  </file>
  <file name="key17.png" source="derivative">
    <format>PNG</format>
    <original>key17.mp3</original>
    <mtime>1517547301</mtime>
    <size>3542</size>
    <md5>834251e2d30bfaa7ead9c580564af105</md5>
    <crc32>c15508aa</crc32>
    <sha1>d98c06990bf35b69d29a4d5565ff32c002d9f397</sha1>
  </file>
  <file name="key17_spectrogram.png" source="derivative">
    <format>Spectrogram</format>
    <original>key17.mp3</original>
    <mtime>1517547340</mtime>
    <size>267785</size>
    <md5>2b1d31c1927b3085d5361f25801df389</md5>
    <crc32>305bc18a</crc32>
    <sha1>788a352fe0f31fdd220d2cf6401efd49ace2716a</sha1>
  </file>
  <file name="key18.afpk" source="derivative">
    <format>Columbia Peaks</format>
    <original>key18.mp3</original>
    <mtime>1517547415</mtime>
    <size>304</size>
    <md5>706e65b3fe9e205f47e6334498fc20a9</md5>
    <crc32>c486ba78</crc32>
    <sha1>1a23b1c9683c59decf98f9d95cf9262512c08daf</sha1>
  </file>
  <file name="key18.mp3" source="original">
    <mtime>1517547073</mtime>
    <size>229876</size>
    <md5>148247866c7a415cb4c61f7a384e2642</md5>
    <crc32>42fddd0e</crc32>
    <sha1>0477b1b6b82eb68cc09837c975f60df84c975fa8</sha1>
    <format>VBR MP3</format>
    <length>5.72</length>
    <height>0</height>
    <width>0</width>
    <track>18</track>
  </file>
  <file name="key18.ogg" source="derivative">
    <format>Ogg Vorbis</format>
    <original>key18.mp3</original>
    <mtime>1517547226</mtime>
    <size>48526</size>
    <md5>8f1e6bcf988f954abd6564d3eda87321</md5>
    <crc32>2f07a4f1</crc32>
    <sha1>b9262ee437f3dce79f0b7b91cb8cc54817c1fa0b</sha1>
    <length>5.67</length>
    <height>0</height>
    <width>0</width>
  </file>
  <file name="key18.png" source="derivative">
    <format>PNG</format>
    <original>key18.mp3</original>
    <mtime>1517547299</mtime>
    <size>3545</size>
    <md5>c92ea2cb52de78893dcf0f8766736475</md5>
    <crc32>2bbac167</crc32>
    <sha1>a06a181eaade69a2c9cb10b3d7b9143581c91174</sha1>
  </file>
  <file name="key18_spectrogram.png" source="derivative">
    <format>Spectrogram</format>
    <original>key18.mp3</original>
    <mtime>1517547352</mtime>
    <size>264300</size>
    <md5>045c0496b15fdbe5119472bd58485a80</md5>
    <crc32>6694fd46</crc32>
    <sha1>100dd4e396dcb1a6bea54269f8572ee8a5c7dbd2</sha1>
  </file>
  <file name="key19.afpk" source="derivative">
    <format>Columbia Peaks</format>
    <original>key19.mp3</original>
    <mtime>1517547529</mtime>
    <size>992</size>
    <md5>fdd8b44cc899ee9bc7948799b8424560</md5>
    <crc32>f1c7d996</crc32>
    <sha1>e4d46108deabb4543bd5d461e3d5bf14ca07a0d1</sha1>
  </file>
  <file name="key19.mp3" source="original">
    <mtime>1517547070</mtime>
    <size>229876</size>
    <md5>ac64eb590eaa511f3f23f83dec5157a7</md5>
    <crc32>aff941c8</crc32>
    <sha1>9a1cde3626682e8beb1388609637969d2609d7dd</sha1>
    <format>VBR MP3</format>
    <length>5.72</length>
    <height>0</height>
    <width>0</width>
    <track>19</track>
  </file>
  <file name="key19.ogg" source="derivative">
    <format>Ogg Vorbis</format>
    <original>key19.mp3</original>
    <mtime>1517547199</mtime>
    <size>48578</size>
    <md5>99820c864d5bb7d4613ca3a353bc951f</md5>
    <crc32>0eec2979</crc32>
    <sha1>39a1348d1391e38b90e3a0b1f608531272f1a1f3</sha1>
    <length>5.67</length>
    <height>0</height>
    <width>0</width>
  </file>
  <file name="key19.png" source="derivative">
    <format>PNG</format>
    <original>key19.mp3</original>
    <mtime>1517547286</mtime>
    <size>3506</size>
    <md5>5090b088f43b3962679cc6f3b0122d0d</md5>
    <crc32>87a75a03</crc32>
    <sha1>f2ffd26066e4400195c1fa688fb7145246012eb1</sha1>
  </file>
  <file name="key19_spectrogram.png" source="derivative">
    <format>Spectrogram</format>
    <original>key19.mp3</original>
    <mtime>1517547383</mtime>
    <size>263018</size>
    <md5>ff3addd19b02e3fd3d8b88ec54ad61d6</md5>
    <crc32>7c86d267</crc32>
    <sha1>7763b286ce2cac4dc48096fe4c25522a2b4f3c92</sha1>
  </file>
  <file name="key20.afpk" source="derivative">
    <format>Columbia Peaks</format>
    <original>key20.mp3</original>
    <mtime>1517547542</mtime>
    <size>504</size>
    <md5>31c18ac7183d4ca38cd0ca3949572aff</md5>
    <crc32>1b7409df</crc32>
    <sha1>6ff7f3ec332a731146909c0c0383e9123437353b</sha1>
  </file>
  <file name="key20.mp3" source="original">
    <mtime>1517547065</mtime>
    <size>229876</size>
    <md5>c01b115f3c33a9a20c05a2391499eb2f</md5>
    <crc32>fc2748cf</crc32>
    <sha1>043b146e521435b3e0dc0241f94aacfbef9c6a0d</sha1>
    <format>VBR MP3</format>
    <length>5.72</length>
    <height>0</height>
    <width>0</width>
    <track>20</track>
  </file>
  <file name="key20.ogg" source="derivative">
    <format>Ogg Vorbis</format>
    <original>key20.mp3</original>
    <mtime>1517547197</mtime>
    <size>48939</size>
    <md5>9b230d9dab91a67232435bb7a2a4bb1e</md5>
    <crc32>9c75225b</crc32>
    <sha1>0d6d46477187c9f17662e9a7a244918f5c89947b</sha1>
    <length>5.67</length>
    <height>0</height>
    <width>0</width>
  </file>
  <file name="key20.png" source="derivative">
    <format>PNG</format>
    <original>key20.mp3</original>
    <mtime>1517547295</mtime>
    <size>3342</size>
    <md5>fff833e67dbe96badae33e4d0bccf0ac</md5>
    <crc32>ead02aa3</crc32>
    <sha1>2b09ec9d39db8ee6a7fd18b6279b4b1afac34cb9</sha1>
  </file>
  <file name="key20_spectrogram.png" source="derivative">
    <format>Spectrogram</format>
    <original>key20.mp3</original>
    <mtime>1517547399</mtime>
    <size>264348</size>
    <md5>64b1774e263adabf9cf7e20c30831bba</md5>
    <crc32>63cde2fd</crc32>
    <sha1>c7c370849d9279d3069bd2ac90514e3f7c4f4e47</sha1>
  </file>
  <file name="key21.afpk" source="derivative">
    <format>Columbia Peaks</format>
    <original>key21.mp3</original>
    <mtime>1517547423</mtime>
    <size>840</size>
    <md5>bd4e7cecd74e7e354055bc65b1d7ae33</md5>
    <crc32>e45cd865</crc32>
    <sha1>1d5fe0b735ae28cd5fc46a16705710ff0cf5ee66</sha1>
  </file>
  <file name="key21.mp3" source="original">
    <mtime>1517547061</mtime>
    <size>229876</size>
    <md5>105163d208c532dd19d3cf81b0c309c0</md5>
    <crc32>68930c89</crc32>
    <sha1>790580ff6aada396c9557e6ea120ac391ac131f5</sha1>
    <format>VBR MP3</format>
    <length>5.72</length>
    <height>0</height>
    <width>0</width>
    <track>21</track>
  </file>
  <file name="key21.ogg" source="derivative">
    <format>Ogg Vorbis</format>
    <original>key21.mp3</original>
    <mtime>1517547202</mtime>
    <size>48599</size>
    <md5>960b0116f76e95a7773400264e47b580</md5>
    <crc32>665c09e1</crc32>
    <sha1>6e74cef0eef11bf5f5da93bf2771b090e636182c</sha1>
    <length>5.67</length>
    <height>0</height>
    <width>0</width>
  </file>
  <file name="key21.png" source="derivative">
    <format>PNG</format>
    <original>key21.mp3</original>
    <mtime>1517547304</mtime>
    <size>3547</size>
    <md5>e2a1271dc184b980efba6c377a0ffa0d</md5>
    <crc32>18a109bb</crc32>
    <sha1>94e62a84c1ac2fd032abe9da6edd892c1ad9b4d4</sha1>
  </file>
  <file name="key21_spectrogram.png" source="derivative">
    <format>Spectrogram</format>
    <original>key21.mp3</original>
    <mtime>1517547348</mtime>
    <size>261346</size>
    <md5>e766ea8afd32d90aaf334514fdbcfc24</md5>
    <crc32>f8f8c8bd</crc32>
    <sha1>b0c4974b24453e43c8dbe333bb680de260e1daea</sha1>
  </file>
  <file name="key22.afpk" source="derivative">
    <format>Columbia Peaks</format>
    <original>key22.mp3</original>
    <mtime>1517548174</mtime>
    <size>816</size>
    <md5>18c3456a827ad3328e4e8e0b5bb60afc</md5>
    <crc32>e8ee5999</crc32>
    <sha1>15f03745dd343afc86441d8427b290462b8dbb59</sha1>
  </file>
  <file name="key22.mp3" source="original">
    <format>VBR MP3</format>
    <length>5.72</length>
    <height>0</height>
    <width>0</width>
    <mtime>1517548058</mtime>
    <size>229876</size>
    <md5>c4cd117dd62e170eee121c86d7a14679</md5>
    <crc32>4e8b1b6a</crc32>
    <sha1>0987e4a4d3bc0d80a1b9360407d9089711a412ef</sha1>
    <track>22</track>
  </file>
  <file name="key22.ogg" source="derivative">
    <format>Ogg Vorbis</format>
    <original>key22.mp3</original>
    <mtime>1517548142</mtime>
    <size>49733</size>
    <md5>78a0a3d9f0d8fd1ff03299ce2d6c1e87</md5>
    <crc32>d15fb55b</crc32>
    <sha1>cc3ed4437e465beead680c94a8baa51b09721c4a</sha1>
    <length>5.67</length>
    <height>0</height>
    <width>0</width>
  </file>
  <file name="key22.png" source="derivative">
    <format>PNG</format>
    <original>key22.mp3</original>
    <mtime>1517548150</mtime>
    <size>3737</size>
    <md5>45343f42e561c74d6806bcb812f1a7a1</md5>
    <crc32>df2fee2d</crc32>
    <sha1>0017db09abff2c321a240e3cf1294d6832b2fd8a</sha1>
  </file>
  <file name="key22_spectrogram.png" source="derivative">
    <format>Spectrogram</format>
    <original>key22.mp3</original>
    <mtime>1517548153</mtime>
    <size>265903</size>
    <md5>c7ab915f9ca8ecd301345a2e35801349</md5>
    <crc32>461e140e</crc32>
    <sha1>6e1b452f1303d186b54b711c49fab3f66f698c6a</sha1>
  </file>
  <file name="key23.afpk" source="derivative">
    <format>Columbia Peaks</format>
    <original>key23.mp3</original>
    <mtime>1517547452</mtime>
    <size>616</size>
    <md5>88192b89eeace97e240dd00792f892d4</md5>
    <crc32>4871b920</crc32>
    <sha1>02958fb4187c82e9ba8c4b4adc961d64a17af6e1</sha1>
  </file>
  <file name="key23.mp3" source="original">
    <mtime>1517547053</mtime>
    <size>229876</size>
    <md5>82619850dd0058cdf36c7494e9727d6f</md5>
    <crc32>e8e72ccb</crc32>
    <sha1>680f0dc37affec8ea68874c766fd846262036d17</sha1>
    <format>VBR MP3</format>
    <length>5.72</length>
    <height>0</height>
    <width>0</width>
    <track>23</track>
  </file>
  <file name="key23.ogg" source="derivative">
    <format>Ogg Vorbis</format>
    <original>key23.mp3</original>
    <mtime>1517547211</mtime>
    <size>48920</size>
    <md5>4418f0b4a9ecba443ca6d0e3cf92fd17</md5>
    <crc32>e5cc9e0c</crc32>
    <sha1>562f77bdd3664188dd1890003ea1d8b4a7ab6c93</sha1>
    <length>5.67</length>
    <height>0</height>
    <width>0</width>
  </file>
  <file name="key23.png" source="derivative">
    <format>PNG</format>
    <original>key23.mp3</original>
    <mtime>1517547314</mtime>
    <size>3416</size>
    <md5>d0200a5b2812659f9b55cb7344c62ae0</md5>
    <crc32>54f36ea3</crc32>
    <sha1>08d23d6f8ecb2374e0ac9842c76feef18b375cb9</sha1>
  </file>
  <file name="key23_spectrogram.png" source="derivative">
    <format>Spectrogram</format>
    <original>key23.mp3</original>
    <mtime>1517547333</mtime>
    <size>262909</size>
    <md5>949d6d745786e2ebc2a7db099adfcefd</md5>
    <crc32>41d865a7</crc32>
    <sha1>21d95f4061cd1576157e4bf13b8e1f4266749f79</sha1>
  </file>
  <file name="key24.afpk" source="derivative">
    <format>Columbia Peaks</format>
    <original>key24.mp3</original>
    <mtime>1517547458</mtime>
    <size>424</size>
    <md5>38ba21e763f59e192f415df06902cad4</md5>
    <crc32>bebb2c7c</crc32>
    <sha1>f35647c9de9af4172caa924887dd902452c8edeb</sha1>
  </file>
  <file name="key24.mp3" source="original">
    <mtime>1517546999</mtime>
    <size>229876</size>
    <md5>900322e1355af42b8046c83b0d97bf6e</md5>
    <crc32>90f0685a</crc32>
    <sha1>a516c8bc8fe1ef34b3fd7c94607a244391550074</sha1>
    <format>VBR MP3</format>
    <length>5.72</length>
    <height>0</height>
    <width>0</width>
    <track>24</track>
  </file>
  <file name="key24.ogg" source="derivative">
    <format>Ogg Vorbis</format>
    <original>key24.mp3</original>
    <mtime>1517547215</mtime>
    <size>49565</size>
    <md5>16ae38ffe81f91f704a57034447345ae</md5>
    <crc32>b0662e44</crc32>
    <sha1>1e61fb1af30ec11f987080538cf15bd0a50a379c</sha1>
    <length>5.67</length>
    <height>0</height>
    <width>0</width>
  </file>
  <file name="key24.png" source="derivative">
    <format>PNG</format>
    <original>key24.mp3</original>
    <mtime>1517547280</mtime>
    <size>4121</size>
    <md5>aef767c10dc1bfb22af7415d639806e7</md5>
    <crc32>3b65df99</crc32>
    <sha1>c330c7ba7b51cd661c3d2c113834ba17bbe95fb0</sha1>
  </file>
  <file name="key24_spectrogram.png" source="derivative">
    <format>Spectrogram</format>
    <original>key24.mp3</original>
    <mtime>1517547393</mtime>
    <size>262170</size>
    <md5>cc0f00e30d42a0dee007ed18f6df8d95</md5>
    <crc32>2248f9d1</crc32>
    <sha1>ff6239e2c0135f98fcd06db66a1ed42fc949f89d</sha1>
  </file>
</files>
