<?xml version="1.0" encoding="UTF-8"?>
<reviews itemIdentifier="24-piano-keys">
  <review>
    <reviewtitle>Easy to download and use</reviewtitle>
    <reviewbody>This was honestly just so easy to download I'm in a highschool coding class and these sound super good and come in mp3 download files, honestly sound amazing thank you.</reviewbody>
    <stars>5</stars>
    <reviewer>KawaiiShark</reviewer>
    <reviewdate>2022-04-22 14:50:14</reviewdate>
    <createdate>2022-04-22 14:50:14</createdate>
    <reviewer_itemname>@kawaiishark</reviewer_itemname>
  </review>
  <review>
    <reviewtitle>The best piano sound</reviewtitle>
    <reviewbody>I always use thunkable. It is a coding app and I made a project out of these piano keys. Thank you so much for this.</reviewbody>
    <stars>5</stars>
    <reviewer>Mortalsmasher</reviewer>
    <reviewdate>2022-12-07 12:27:45</reviewdate>
    <createdate>2022-12-07 12:27:45</createdate>
    <reviewer_itemname>@mortalsmasher</reviewer_itemname>
  </review>
  <review>
    <reviewtitle>Sincerly grateful for the keys</reviewtitle>
    <reviewbody>I am also developing Educational materials with piano keys, and your help is imperative for it.
I truly appreciate it.</reviewbody>
    <stars>5</stars>
    <reviewer>Seoljoo Kang</reviewer>
    <reviewdate>2023-01-04 08:21:50</reviewdate>
    <createdate>2023-01-04 08:21:50</createdate>
    <reviewer_itemname>@seoljoo_kang</reviewer_itemname>
  </review>
  <review>
    <reviewtitle>Thanks</reviewtitle>
    <reviewbody>I really appreciate your efforts i was just playing around with my mobile development tutorials and decided to start an piano app, and I found these files.</reviewbody>
    <stars>4</stars>
    <reviewer>uriel ugwu</reviewer>
    <reviewdate>2023-02-19 16:38:05</reviewdate>
    <createdate>2023-02-19 16:38:05</createdate>
    <reviewer_itemname>@uriel_ugwu</reviewer_itemname>
  </review>
  <review>
    <reviewtitle>Thank you</reviewtitle>
    <reviewbody>I am trying to make a piano game to master a little bit of programming and you helped me very much


:))</reviewbody>
    <stars>5</stars>
    <reviewer>JoaoPMF</reviewer>
    <reviewdate>2024-06-19 20:40:35</reviewdate>
    <createdate>2024-06-19 20:40:35</createdate>
    <reviewer_itemname>@joaopmf</reviewer_itemname>
  </review>
  <info>
    <num_reviews>5</num_reviews>
    <avg_rating>4.80</avg_rating>
  </info>
</reviews>
