<?xml version="1.0" encoding="UTF-8"?>
<metadata>
  <identifier>24-piano-keys</identifier>
  <mediatype>audio</mediatype>
  <collection>folksoundomy_effects</collection>
  <collection>folksoundomy</collection>
  <description>Sound effects for 24 piano keys (beginning with F). &lt;div&gt;&lt;br /&gt;&lt;/div&gt;&lt;div&gt;Crackling fire in the background ('cause I recorded it around Christmas time), and with a couple there is a faint sound of wind-chimes.&lt;/div&gt;</description>
  <licenseurl>http://creativecommons.org/publicdomain/zero/1.0/</licenseurl>
  <scanner>Internet Archive HTML5 Uploader 1.6.3</scanner>
  <subject>sound effect</subject>
  <subject>piano</subject>
  <subject>music</subject>
  <subject>chromatic</subject>
  <title>24 piano keys</title>
  <publicdate>2018-02-02 04:49:59</publicdate>
  <uploader>patrick.lauser@gmail.com</uploader>
  <addeddate>2018-02-02 04:49:59</addeddate>
  <curation>[curator]validator@archive.org[/curator][date]20180202045023[/date][comment]checked for malware[/comment]</curation>
  <backup_location>ia906607_24</backup_location>
</metadata>
